<?xml version="1.0" encoding="utf-8"?>
<resources xmlns:android="http://schemas.android.com/apk/res/android">

	<!-- internal -->
    <string name="appUserLabel">DynamicG App User</string>
    <string name="languageFlag">0</string>

	<!-- translation credits -->
    <string name="aboutTranslation"></string>
    
	<!-- labels -->
    <string name="app_name">Time Recording</string>
    <string name="app_name_pro">Time Recording Pro</string>
    
    <string name="homescreenCheckinNow">Check in now</string>
    <string name="homescreenCheckoutNow">Check out now</string>
    <string name="homescreenAddBreak">Add break \u2026</string>
    <string name="homescreenHintNoStamps">No stamps yet.\nOpen \'Day\' and use \'Left Arrow\' to add entries to past days.</string>
    <string name="homescreenAddStamp">Add stamp \u2026</string>

    <string name="menuEditStampsShort">Edit stamps</string>
    <string name="menuPreferences">Preferences</string>
    <string name="menuAdmin">Admin</string>
    <string name="menuAbout">About</string>
    <string name="menuAddStandardEntry">Add break/block \u2026</string>
    <string name="helpUrl"></string>
    <string name="menuMore">More</string>
    <string name="menuHelpFAQ">FAQ</string>
    
    <string name="commonDays">Days</string>
    <string name="commonEdit">Edit</string>
    <string name="commonError">Error</string>
    <string name="commonYes">Yes</string>
    <string name="commonNo">No</string>
    <string name="commonTitleCheckIn">Check-In</string>
    <string name="commonTitleCheckOut">Check-Out</string>
    <string name="commonActionAddCheckIn">Add check-in \u2026</string>
    <string name="commonActionAddCheckOut">Add check-out \u2026</string>
    <string name="commonSample">Sample</string>
    <string name="commonDataExport">Data export</string>
    <string name="commonCategories">Tasks</string>
    <string name="commonTracking">Tracking</string>
    <string name="commonHourlyRate">Hourly rate</string>
    <string name="commonEditCategories">Edit tasks</string>
    <string name="commonAddRow">Add row</string>
    <string name="commonStop">End</string>
    <string name="commonType">Type</string>
    <string name="commonIn">In</string>
    <string name="commonOut">Out</string>
    <string name="commonDay">Day</string>
    <string name="commonWeek">Week</string>
    <string name="commonMonth">Month</string>
    <string name="commonDelete">Delete</string>
    <string name="commonHoursPerDay">Hours per day</string>
    <string name="commonVarious">Various</string>
    <string name="commonGrandTotal">Grand total</string>
    <string name="commonSettings">Settings</string>
    <string name="commonDisabled">Disabled</string>
    <string name="commonDefault">Default</string>
    <string name="commonAdvanced">Advanced</string>
    <string name="commonOutput">Output</string>
    <string name="commonFilter">Filter</string>
    <string name="commonTotal">Total</string>
    <string name="commonStart">Start</string>
    <string name="commonTask">Task</string>
    <string name="commonText">Text</string>
    <string name="commonSortAZ">Sort A-Z</string>
    <string name="commonEditShort">Edit</string>
    <string name="commonCSV">CSV</string>
	<string name="commonReset">Reset</string>
    <string name="commonDetails">Details</string>
	<string name="commonFrom">From</string>
	<string name="commonTo">To</string>
	<string name="common_to">to</string>
	<string name="commonDoneToast">{1} \u2192 DONE</string>
    <string name="commonBreak">Break</string>
    <string name="commonEnabledOption">\'{1}\' enabled</string>
    <string name="commonActive">Active</string>
    <string name="commonActionEdit">Edit \'{1}\'</string>
    
    <string name="buttonOk">OK</string>
    <string name="buttonCancel">Cancel</string>
    <string name="buttonChange">Change</string>
    <string name="buttonClose">Close</string>
    <string name="buttonSave">Save</string>
    <string name="buttonResetText">Reset</string>
    <string name="buttonSwitchTask">Switch task \u2026</string>

    <string name="headerDate">Date</string>
    <string name="headerTotalDecimal">Total (decimal)</string>
    <string name="headerTime">Time</string>
    <string name="headerCheckAction">Action</string>
    <string name="headerAmount">Amount</string>
    <string name="headerAmountShort">Amt</string>
    <string name="headerNoteDay">Day notes</string>
    <string name="headerNoteWorkUnit">Work unit notes</string>
    <string name="headerDelta">Delta</string>
    
    <string name="editSetNewTime">Set new time</string>
    
    <string name="confirmDeleteEntry">Delete this stamp?</string>
    <string name="confirmDeleteDay">Delete entries for this day?</string>
    <string name="checkboxIncludeDayNotes">Include day notes</string>
    <string name="confirmDayRollOver">Previous day not closed - roll over?</string>
    <string name="confirmUpdateAdjacent">Also update adjacent stamp?</string>
    
    <string name="prefsWindowTitle">Time Recording Preferences</string>
    <string name="prefsExportRecipient">Default email recipient</string>
    <string name="prefsExpCsvDataSeparator">Column separator</string>
    <string name="prefsTotalFormat">Show totals as</string>
    <string name="prefsTimeFormat">Time format</string>
    <string name="prefsDateFormat">Date format</string>
    <string name="prefsFirstDayOfWeek">First day of week</string>
    <string name="prefsFirstDayOfMonth">First day of month (1-31)</string>
    <string name="prefsAmountCurrencyString">Amount/currency presentation</string>
    <string name="prefsDailyTargetTime">Daily target time</string>
    <string name="prefsTimePickerIncrement">\'Time picker\' minute increment</string>
	<string name="prefsShortMain">Main</string>
	<string name="prefsShortOptions">Options</string>
	<string name="prefsShortTasks">Tasks</string>
	<string name="prefsShortTracking">Tracking</string>
	<string name="prefsGroupInterface">Interface</string>
	<string name="prefsWeekdayTargetTime">Override target time per weekday</string>
    <string name="prefsGroupFormatOptions">Format options</string>
    <string name="prefsGroupCalendar">Calendar</string>
    <string name="prefsGroupWeeklyReporting">Weekly reporting</string>
    <string name="prefsMonthViewOption">\'Month\' view shows</string>
    <string name="prefsWeeklyTargetTime">Weekly target time</string>
    <string name="hintWeeklyTargetTime">\u2192 Sample input: 38.75\nOnly used on \'Month\' view. Clear to disable.</string>
	<string name="prefsDefaultCategory">Default task</string>
	<string name="prefsTaskGroupsActiveLabel">Task groups</string>
	<string name="prefsTaskGroupsActiveHint">\u2192 Use \'Client 1 - Project A\', \'Client 1 - Project B\' as task name pattern</string>
	<string name="prefsMonthReportSplit">Split \'Month\' view at this day</string>
	<string name="prefsExpDecimalSep">Decimal separator</string>
	<string name="prefsCollapseCheckBtn">Merge \'check in/check out\' buttons</string>
	<string name="prefsAllowScreenRotation">Allow screen rotation (Landscape mode)</string>
	<string name="prefsHintRestartRequired">\u2192 Changes on on these settings require restart</string>
	<string name="prefsExportSettings">Data export settings</string>
	<string name="prefsGridViewFont">Font size on data views</string>
	<string name="prefsProVersionThanks">Thank you for buying the \"Pro\" version!</string>
	<string name="prefsWidgetClickAction">Widget click action</string>
	<string name="prefsDomWidgetActionOpen">Open app</string>
	<string name="prefsDomWidgetActionPunch">Punch time</string>
	<string name="prefsDomWidgetActionMixed">Icons=punch, Text=open</string>
	<string name="prefsStampViewFullscreen">Day/Week/Month view fullscreen</string>
	<string name="prefsPunchNowRounding">Rounding on \'punch now\'</string>
	<string name="prefsPunchNowRoundingOption">Rounding option</string>
	<string name="prefsPunchNowRoundingSlot">Round to minutes</string>
	<string name="prefsDomRoundStd">Round</string>
	<string name="prefsDomRoundUp">Round up</string>
	<string name="prefsDomRoundDown">Round down</string>
	<string name="prefsDomRoundInUpOutDown">In=up, Out=down</string>
	<string name="prefsDomRoundInDownOutUp">In=down, Out=up</string>
	<string name="prefsProOnlyFeature">\u2192 This is a \"Pro version only\" feature</string>

	<string name="nshiftGroup">Night shift options</string>
    <string name="nshiftDayWindowStart">24 hour window starts at</string>
	<string name="nshiftRollOverCheck">\'Roll over\' check</string>
	<string name="nshiftRollOverHint">See \'{1}\' in preferences</string>
	<string name="nshiftRotatingShift">Rotating shift</string>
	<string name="nshiftEditNightShifts">Edit night shifts</string>
	<string name="nshiftSeeFAQ">\u2192 See FAQ for details if you regularly work over midnight or do rotating shift</string>
	
    <string name="stdStampTitle">Breaks &amp; blocks</string>
    <string name="stdStampTypeBlock">Block</string>
    
    <string name="autoBreakTitle">Automatic breaks</string>
    <string name="autoBreakBookWhen">When</string>
    <string name="autoBreakHint1">\u2192 Only active after first check-in per day. Will be applied on first check-out.</string>
    <string name="autoBreakHint2">\u2192 Rule: if daily total greater or equals [{1}] then add break with duration [{2}] starting at [{3}].</string>
    <string name="autoBreakHint3">\u2192 With \'{1}\' only the first matching rule will be applied.</string>
    <string name="autoBreakDomFirst">Active, single break</string>
    <string name="autoBreakDomAll">Active, multiple breaks</string>
    
    <string name="dailyTargetOptionTitle">Target time options</string>
    <string name="dailyTargetOptTurnOff">Turn off</string>
    <string name="dailyTargetOptOvertime">Book as overtime</string>
    
    <string name="sendMailIntentTitle">Send email</string>
    <string name="exportMailTitle">Time Recording Data Export, {1}</string>
    <string name="exportMailBody">{title}\ncreated on {2}</string>
    <string name="exportColumnSeparatorHint">Hint: change the \'Column separator\' on the export settings if the data is imported as one single column</string>
	<string name="repTaskMatrix">Task matrix</string>
	<string name="expPrefsDataInclusion">Data inclusion</string>
	<string name="expPrefsAttachmentMimeType">Attachment \'MIME type\'</string>
	<string name="expPrefsTargetIntent">\'Send\' target intent</string>
	<string name="expPrefsFileEncoding">File encoding</string>
	<string name="expPrefsHideAmounts">Hide amounts</string>
	<string name="expPrefsDaysToShow">E1-E3 shows these days</string>
	<string name="expDomDaysShowAll">all</string>
	<string name="expDomDaysShowSt">with stamps</string>
	<string name="expDomDaysShowStNt">with stamps or notes</string>
	<string name="expPrefsDetailsReportActive">\'Details\' report enabled</string>
	<string name="expDomNotesFilterEqual">match</string>
	<string name="expDomNotesFilterLike">contain</string>
	<string name="expPrefsShowTotalLine">Show \'Total\' (E1-E4)</string>
	<string name="expPrefsGroupBreakDate">Group break on \'Date\' (E2,E4)</string>
	<string name="expPrefsIsoDate">YYYY/MM/DD date format</string>

	<string name="expTypeOverviewDays">E1 Day overview</string>
	<string name="expTypeOverviewWorkUnits">E2 Work unit overview</string>
	<string name="expTypeOverviewDayAttendance">E3 Day attendance</string>
	<string name="expTypeTasksPerDay">E4 Tasks per day</string>
	<string name="expTypeDetails">Details (each stamp)</string>
	<string name="expPreview">Preview</string>
	
    <string name="domainSepComma">Comma [,]</string>
    <string name="domainSepSemicolon">Semicolon [;]</string>
    <string name="domainSepPipe">Pipe [|]</string>
    <string name="domainSepTab">Tab</string>
    <string name="domainTotStandard">Standard [08:45]</string>
    <string name="domainTotDecimal">Decimal [08.75]</string>
    <string name="domainTime24">24 hours [13:45]</string>
    <string name="domainTimeAMPM">AM/PM [01:45pm]</string>
    <string name="domainTimeDecimal">24 hours decimal [13.75]</string>
    <string name="domainDateDDpMM">Day.Month</string>
    <string name="domainDateDDsMM">Day/Month</string>
    <string name="domainDateMMpDD">Month.Day</string>
    <string name="domainDateMDsDD">Month/Day</string>
    <string name="domainMonthview1M">1 Month</string>
    <string name="domainMonthview2W">2 Weeks</string>
    <string name="domainMonthview4W">4 Weeks</string>
    <string name="domainRollOverAlways">Always on</string>
	<string name="domainExpDataInclusionAttachment">File attachment</string>
	<string name="domainExpDataInclusionPlainText">Plain body text</string>
	<string name="domainExpDataInclusionForViewer">For standard viewer</string>
	<string name="domainExpFormatCSV">Excel (CSV)</string>
	<string name="domainExpFormatHTML">Web page (HTML)</string>
	<string name="domainExpFormatXML">XML</string>

    <string name="dayShortSun">Sun</string>
    <string name="dayShortMon">Mon</string>
    <string name="dayShortTue">Tue</string>
    <string name="dayShortWed">Wed</string>
    <string name="dayShortThu">Thu</string>
    <string name="dayShortFri">Fri</string>
    <string name="dayShortSat">Sat</string>
    
    <string name="categorySelectionTitle">Task started {1}</string>
    <string name="categoryNone">(no task)</string>
    <string name="categoryFilterAll">&lt;All&gt;</string>
    <string name="categoryEditorAddNew">Add new task</string>
    <string name="categoryTitleForNewCat">New task</string>
    <string name="categoryEditHeaderTitle">Title</string>
    <string name="categoryEditHeaderHourlyRate">Hourly\nRate</string>
    <string name="categoryEditHeaderSort">Sort</string>
    <string name="categorySelectNextCategory">Select next task</string>
    <string name="categoryHasChildrenCannotDelete">Task already used, cannot delete! Please set to \'inactive\' instead.</string>
    <string name="categoryFilter">Task filter</string>
    <string name="categoryEditLink">Edit tasks</string>
    <string name="categoryEditorExport">Export to SD Card</string>
    <string name="categoryEditorImport">Import from SD Card</string>
    <string name="categoryEditorHintMenu">\u2192 open Menu for functions</string>
    <string name="categorySampleEntry1">Client 1 - on-site</string>
    <string name="categorySampleEntry2">Client 1 - Support</string>
    <string name="categorySampleEntry3">Training</string>

    <string name="hintClickToChange">Click to change</string>
    <string name="hintClickIconToEdit">Click icon to edit notes</string>
    <string name="hintNoStampsClickToAdd">No entries for this day.\nOpen Menu or click here to add.</string> 
    <string name="hintDailyTargetTime">\u2192 Set to \'00:00\' to disable</string>
    <string name="hintAmountPrecision">\u2192 Use \'$#.#\' or \'$#.##\' for 1 or 2 decimal places.</string>
    <string name="hintAmountRounding">\u2192 Note on rounding: subtotals and grand total are rounded independently, so they will not always match.</string>
    <string name="hintRateOverride">\u2192 Rate can be overridden per task</string>
	<string name="hintDbRecreateConfirmation">Warning: empty database. Recreate?</string>
	<string name="hintCreatingBackup">Creating backup ...</string>
	<string name="hintTooMuchEntries">Too much entries</string>
    <string name="hintPleaseWait">Please wait ...</string>

    <string name="errorTimeslotNotFree">Entry at \'{1}\' already exists</string>
    <string name="errorCannotStartNewTask">Already checked in at {1}, cannot start new task yet</string>
    <string name="errorSdCardAccess">SD Card access error</string>

    <string name="aboutPublicServices">Public App services</string> 
    <string name="aboutPleaseRate">\u2022 Rating much appreciated:</string> 
    <string name="aboutPro">Pro</string>
	<string name="aboutAvailableHere">\'{1}\' available here</string> 

    <string name="bckBackupTitle">Backup</string>
    <string name="bckRestoreTitle">Restore</string>
    <string name="bckCreateBackup">Create backup</string>
    <string name="bckArchiveTitle">Archive</string>
    <string name="backupBody">To restore: copy attached zip file to SD Card (top level), open \'Preferences/Restore...\', click \'Restore backup\'</string>
    <string name="bckSwitchToArchive">View archived data</string>
    <string name="bckSwitchToLive">Switch back to live data</string>
    <string name="bckArchiveDataOlderThan">Archive data &gt; {1} months</string>
    <string name="bckArchiveHint">\u2192 Use \"archive\" to move old data and make the \'live database\' smaller and faster</string>
    <string name="bckAutoBackup">Backup to SD Card every [n] days</string>
	<string name="bckRestoreSdCardUnavailable">SD Card not available. Backup/restore currently not possible!</string>
	
	<string name="widgetAppTitle1">Time</string>
    <string name="widgetAppTitle2">Recording</string>
    
    <string name="stdCommentTitle">Standard note</string>
    <string name="stdCommentSelect">Pick standard note</string>
    <string name="stdCommentDefaultEntry1">Vacation</string>
    <string name="stdCommentDefaultEntry2">Compensation</string>
    
    <string name="noteMassTitle">Comment multiple days</string>
    <string name="noteMassIfTextExists">If text already present</string>
    <string name="noteMassOptAppend">Append</string>
    <string name="noteMassOptReplace">Overwrite</string>
    <string name="noteMassOptSkip">Skip</string>
    <string name="noteMassOnlyTheseDays">Add to these days</string>
    <string name="noteMassSkipEmptyDays">Skip days without stamps</string>
    
	<string name="dstorMainTitle">Data administration</string>
	<string name="dstorDataStorage">Storage admin</string>
	<string name="dstorTargetPhone">Phone</string>
	<string name="dstorTargetSdCard">SDCard</string>
	<string name="dstorCurrent">Data currently stored on {1}.</string>
	<string name="dstorDeletionHint">Will be deleted on \'App uninstall\'!</string>
	<string name="dstorMoveTo">Move data to {1}</string>
	<string name="dstorImport">Restore backup</string>
	<string name="dstorImportDone">Import from {1} done</string>
	<string name="dstorSwitch">Use {1} (no data move)</string>
	<string name="dstorSwitchDone">Data storage is now on {1}</string>
	<string name="dstorConfirmMigration">Move data to phone storage? This will increase stability.</string>
	<string name="dstorWarning">Caution: use with care. See FAQ.</string>
	<string name="dstorRestoreLocalBck">Restore local backup</string>
	<string name="dstorFileNotFound">File \'{1}\' not found.</string>
	<string name="dstorCannotProcess">Cannot process</string>
	<string name="dstorPreferred">Storage on Phone is preferred.</string>
	<string name="dstorSettingsBRTitle">App settings</string>
	<string name="dstorInitialRecovery">Backup detected on SD Card. Restore data?</string>
	<string name="dstorRestoreInfo">Info on \'Restore\'</string>
	<string name="dstorHintProvideBackup">Backup not found. Provide this file:</string>
	<string name="dstorIncludeSettings">Include settings?</string>
	<string name="dstorMoveToSdcardWarn">Note: storage on SD Card is *not* recommended due to USB access and \'read only\' issues.</string>
	
	<string name="dstorFree2ProImportConfirmation">Import data and settings from free version?</string>
	<string name="dstorFree2ProLiveImport">Free version import (live data)</string>
	<string name="dstorFree2ProLatestBackup">Free version import (latest backup)</string>
	<string name="dstorFree2ProAppSettings">App settings from free version</string>
	
	<!-- diff sync marker A -->
	<string name="pdotMainTitle">Paid overtime</string>
	<string name="pdotOvertimeRate">Hourly rate surcharge</string>
	<string name="pdotBasedOn">Overtime hours based on</string>
	<string name="pdotCalculatePer">Apply calculation to</string>
	<string name="pdotShowDetails">Show details on report</string>
	<string name="pdotDomainFullRep">Full report</string>
	<string name="pdotRateHint">\u2192 Sample: set to \'8\' if normal rate is $16 and overtime pay is x1.5, since 24-16=8</string>
	<string name="pdotMainHint">\u2192 Only shows on \'Month\' view. Needs \'Daily\' or \'Weekly\' target time enabled.</string>
	
	<!-- diff sync marker B -->
	<string name="sdcardErrorReboot">\u2022 Please reboot your phone and try again.\n\u2022 If the problem persists please contact developer.</string>
	<string name="sdcardErrorReadonly">SD Card is read only.</string>
	<string name="sdcardErrorShared">SD Card blocked by USB access. Please disconnect phone from USB and try again.</string>

	<!-- diff sync marker C -->
    <string name="brprefsRestoreAction">Restore app settings</string>
    <string name="brprefsFileSelection">Restore settings as of {1}</string>
    <string name="brprefsBackupAction">Backup app settings to SD Card</string>
    <string name="brprefsBackupFileExists">Backup file exists. Overwrite?</string>
    
	<string name="pubServicesInfo">\'{1}\' provides these public services for 3rd party check-in and check-out integration (click text to copy to clipboard)</string>
	<string name="pubServicesCopied">Text copied</string>
	
	<!-- diff sync marker D -->	
	<string name="rotatingShiftHint">\u2192 This is for users on rotating shift (typically 07-15, 15-23, 23-07). Enter the dates of your *night* shift periods below. Do *not* register day shifts.</string>
	
	<string name="restoreInfoHead">How to restore data when switching to a new phone or when reinstalling the app:</string>
	<string name="restoreInfoLine1">\u2022 *Before* uninstalling or on old phone respectively, click \"Create backup\"</string>
	<string name="restoreInfoLine2">\u2022 If applicable: unmount SD Card and insert into new phone</string>
	<string name="restoreInfoLine3">\u2022 (Re)install app from market and open. The app will ask for restore after start when proceeded correctly.</string>
	
	<string name="admRebuildIndexes">Rebuild indexes</string>
	<string name="admSyncTimestamps">Sync UTC timestamps</string>
	<string name="admDeleteOldLabel">Delete old data</string>
	<string name="admDeleteOldHint">Select date to delete unto</string>
	<string name="admDeleteOldBody">Delete all data up to {1}?\nThis cannot be undone.</string>
	<string name="admDeleteAll">Delete all data</string>
	
	<string name="pubsIssue">{1} issue</string>
	<string name="pubsCheckinDone">Check-in done</string>
	<string name="pubsCheckoutDone">Check-out done</string>
	<string name="pubsAlreadyCheckedIn">Already checked in</string>
	<string name="pubsAlreadyCheckedOut">Already checked out</string>
	<string name="pubsPriorCheckoutMissing">Prior check-in missing</string>
	
	<string name="catExtExportDone">Export done, file is here:\n{1}</string>
	<string name="catExtFileMissing">Import file not found. Use \"Export\" to create template.</string>
	<string name="catExtImpConfirm1">\u2192 EXISTING {1} TASKS WILL BE DELETED!</string>
	<string name="catExtImpConfirm2">\u2192 Make sure you don\'t change IDs of tasks already in use!</string>
	<string name="catExtImpConfirm3">\u2192 Import cannot be undone, except with \'Restore\'</string>
	<string name="catExtImpConfirm4">\u2022 File: {1}</string>
	<string name="catExtImpConfirm5">\u2022 Number of tasks to import: {1}</string>
	<string name="catExtNothingToImport">Nothing to import. Empty file?</string>
	
	<string name="err21">Error: Database readonly</string>	
	<string name="err22">Error: SD Card is full</string>
	<string name="errFaqHint">See FAQ, keyword \'ERROR {1}\' for solution.</string>
	
	<string name="quickSetupTitle">Quick setup</string>
	<string name="quickSetupAMPM">Use 12 hour clock (AM/PM)</string>
	<string name="quickSetupNightWork">Regularly working over midnight</string>
	<string name="quickSetupUtfLabel">Unicode data export (UTF8)</string>
	<string name="quickSetupUtfHint">\u2192 Tick when using non-latin characters like cyrillic or japanese</string>
	
	<string name="proReminderTitle">Pro version notice</string>
	<string name="proReminderMktButton">Android Market</string>
	<string name="proReminderBody">Regular users of Time Recording please consider buying the \"Pro\" version.\nThank you!</string>

</resources>
